<KicadtoNgspice><source><v1 name="Source type">sine<field1 name="Offset Value">0</field1><field2 name="Amplitude">20</field2><field3 name="Frequency">50</field3><field4 name="Delay Time">0</field4><field5 name="Damping Factor">0</field5></v1></source><model><u5 name="type">transfo<field1 name="Enter the H1 array ">[0.000, 0.100, 0.160, 0.185, 0.200]</field1><field2 name="Enter the primary number                     of turns (default=310) ">620</field2><field3 name="Enter iron core area (default=1)">1</field3><field4 name="Enter the secondary number                     of turns (default=620)">310</field4><field5 name="Enter iron core length                     (default=0.01)">0.01</field5><field6 name="Enter the B1 array ">[0, 100, 200, 400, 800]</field6></u5></model><devicemodel><d5><field>/home/vivo/Downloads/eSim-2.5/library/deviceModelLibrary/Diode/D.lib</field></d5><d8><field>/home/vivo/Downloads/eSim-2.5/library/deviceModelLibrary/LEDs/eSim_RedLED.lib</field></d8><d7><field>/home/vivo/Downloads/eSim-2.5/library/deviceModelLibrary/LEDs/eSim_BlueLED.lib</field></d7><d6><field>/home/vivo/Downloads/eSim-2.5/library/deviceModelLibrary/Diode/D.lib</field></d6><d3><field>/home/vivo/Downloads/eSim-2.5/library/deviceModelLibrary/Diode/D.lib</field></d3><d2><field>/home/vivo/Downloads/eSim-2.5/library/deviceModelLibrary/Diode/D.lib</field></d2><d1><field>/home/vivo/Downloads/eSim-2.5/library/deviceModelLibrary/Diode/D.lib</field></d1><d4><field>/home/vivo/Downloads/eSim-2.5/library/deviceModelLibrary/Diode/D.lib</field></d4></devicemodel><subcircuit><x1><field>/home/vivo/Downloads/eSim-2.5/library/SubcircuitLibrary/LM7812</field></x1><x2><field>/home/vivo/Downloads/eSim-2.5/library/SubcircuitLibrary/lm7805</field></x2></subcircuit><microcontroller /><analysis><ac><field1 name="Lin">true</field1><field2 name="Dec">false</field2><field3 name="Oct">false</field3><field4 name="Start Frequency">50</field4><field5 name="Stop Frequency">0</field5><field6 name="No. of points">2</field6><field7 name="Start Fre Combo">Hz</field7><field8 name="Stop Fre Combo">Hz</field8></ac><dc><field1 name="Source 1" /><field2 name="Start" /><field3 name="Increment" /><field4 name="Stop" /><field5 name="Operating Point">0</field5><field6 name="Start Combo">Volts or Amperes</field6><field7 name="Increment Combo">Volts or Amperes</field7><field8 name="Stop Combo">Volts or Amperes</field8><field9 name="Source 2" /><field10 name="Start" /><field11 name="Increment" /><field12 name="Stop" /><field13 name="Start Combo">Volts or Amperes</field13><field14 name="Increment Combo">Volts or Amperes</field14><field15 name="Stop Combo">Volts or Amperes</field15></dc><tran><field1 name="Start Time">0</field1><field2 name="Step Time">10</field2><field3 name="Stop Time">100</field3><field4 name="Start Combo">sec</field4><field5 name="Step Combo">ms</field5><field6 name="Stop Combo">ms</field6></tran></analysis></KicadtoNgspice>