<KicadtoNgspice><source /><model><u1 name="type">zener<field1 name="Enter Saturation Current (default=1.0e-12)" /><field2 name="Enter Forward Emission Coefficient (default=1.0)" /><field3 name="Enter Breakdown Voltage (default=5.6)" /><field4 name="Enter Breakdown Current (default=2.0e-2)" /><field5 name="Enter Switch for Limiting (default=FALSE)" /></u1><u2 name="type">zener<field6 name="Enter Saturation Current (default=1.0e-12)" /><field7 name="Enter Forward Emission Coefficient (default=1.0)" /><field8 name="Enter Breakdown Voltage (default=5.6)" /><field9 name="Enter Breakdown Current (default=2.0e-2)" /><field10 name="Enter Switch for Limiting (default=FALSE)" /></u2></model><devicemodel><q1><field>/home/bhargav/Downloads/eSim-1.1.2/src/deviceModelLibrary/Transistor/NPN.lib</field></q1><q3><field>/home/bhargav/Downloads/eSim-1.1.2/src/deviceModelLibrary/Transistor/NPN.lib</field></q3><q2><field>/home/bhargav/Downloads/eSim-1.1.2/src/deviceModelLibrary/Transistor/NPN.lib</field></q2><q5><field>/home/bhargav/Downloads/eSim-1.1.2/src/deviceModelLibrary/Transistor/PNP.lib</field></q5><q4><field>/home/bhargav/Downloads/eSim-1.1.2/src/deviceModelLibrary/Transistor/NPN.lib</field></q4><q7><field>/home/bhargav/Downloads/eSim-1.1.2/src/deviceModelLibrary/Transistor/NPN.lib</field></q7><q6><field>/home/bhargav/Downloads/eSim-1.1.2/src/deviceModelLibrary/Transistor/NPN.lib</field></q6><q9><field>/home/bhargav/Downloads/eSim-1.1.2/src/deviceModelLibrary/Transistor/PNP.lib</field></q9><q8><field>/home/bhargav/Downloads/eSim-1.1.2/src/deviceModelLibrary/Transistor/NPN.lib</field></q8><q15><field>/home/bhargav/Downloads/eSim-1.1.2/src/deviceModelLibrary/Transistor/NPN.lib</field></q15><q14><field>/home/bhargav/Downloads/eSim-1.1.2/src/deviceModelLibrary/Transistor/PNP.lib</field></q14><q17><field>/home/bhargav/Downloads/eSim-1.1.2/src/deviceModelLibrary/Transistor/NPN.lib</field></q17><q16><field>/home/bhargav/Downloads/eSim-1.1.2/src/deviceModelLibrary/Transistor/NPN.lib</field></q16><q11><field>/home/bhargav/Downloads/eSim-1.1.2/src/deviceModelLibrary/Transistor/NPN.lib</field></q11><q10><field>/home/bhargav/Downloads/eSim-1.1.2/src/deviceModelLibrary/Transistor/NPN.lib</field></q10><q13><field>/home/bhargav/Downloads/eSim-1.1.2/src/deviceModelLibrary/Transistor/NPN.lib</field></q13><q12><field>/home/bhargav/Downloads/eSim-1.1.2/src/deviceModelLibrary/Transistor/NPN.lib</field></q12></devicemodel><subcircuit /><analysis><ac><field1 name="Lin">true</field1><field2 name="Dec">false</field2><field3 name="Oct">false</field3><field4 name="Start Frequency" /><field5 name="Stop Frequency" /><field6 name="No. of points" /><field7 name="Start Fre Combo">Hz</field7><field8 name="Stop Fre Combo">Hz</field8></ac><dc><field1 name="Source 1" /><field2 name="Start" /><field3 name="Increment" /><field4 name="Stop" /><field5 name="Operating Point">0</field5><field6 name="Start Combo">Volts or Amperes</field6><field7 name="Increment Combo">Volts or Amperes</field7><field8 name="Stop Combo">Volts or Amperes</field8><field9 name="Source 2" /><field10 name="Start" /><field11 name="Increment" /><field12 name="Stop" /><field13 name="Start Combo">Volts or Amperes</field13><field14 name="Increment Combo">Volts or Amperes</field14><field15 name="Stop Combo">Volts or Amperes</field15></dc><tran><field1 name="Start Time" /><field2 name="Step Time" /><field3 name="Stop Time" /><field4 name="Start Combo">Sec</field4><field5 name="Step Combo">Sec</field5><field6 name="Stop Combo">Sec</field6></tran></analysis></KicadtoNgspice>